product_category,total_search_volume,avg_cpc
其他产品,111980,0.05826344086021506
耳塞类产品,98510,0.08645569620253164
XFree系列,89290,0.05443037974683544
QuietPlus系列,85250,0.34240000000000004
Stormbox系列,60830,0.19186700767263426
XSound系列,18720,0.12568253968253967
Flybuds系列,11340,0.1294857142857143
